Tiempo Compra,Flujo,Producto,Cantidad,Pedido
10 19 3 21 11 2117 1 325 0, 718300.000000, 7501055354306, 7183, 0
15 20 3 21 11 2117 1 325 0, 717300.000000, 7501055354306, 7173, 0
28 20 3 21 11 2117 1 325 0, 707300.000000, 7501055354306, 7073, 0
41 23 3 21 11 2117 1 325 0, 200.000000, 978607322041, 1, 0
53 23 3 21 11 2117 1 325 0, 0.000000, 978607322041, 0, 0
33 25 3 21 11 2117 1 325 0, 1000.000000, 978607322041, 100, 1

